n_nodes,p,q,r,physical_error,social_error,threshold,max_budget,random_seed,n_trees,num_reached,num_both_reached,num_greedy_reached,num_contact_reached,num_neither_reached,num_initially_satisfied,greedy_reach_fraction,contact_reach_fraction,mean_budget_gain,std_budget_gain,se_budget_gain,ci95_low,ci95_high,mean_greedy_budget,mean_contact_budget
8,0.9,0.1,0.0,0.2,0.05,0.1,8,7,50,38,44,50,44,0,6,1.0,0.88,0.31237468671679197,0.18060649465212825,0.02929824222791371,0.25301080913459206,0.3717385642989919,2.263157894736842,3.473684210526316
8,0.9,0.1,0.0,0.2,0.05,0.05,8,7,50,7,7,36,7,14,0,0.72,0.14,0.5357142857142857,0.09449111825230681,0.03571428571428571,0.4483245767448222,0.6231039946837492,3.5714285714285716,7.714285714285714
8,0.9,0.1,0.1,0.2,0.05,0.1,8,7,50,40,44,50,44,0,4,1.0,0.88,0.3150595238095238,0.15280783602950623,0.024161040308739015,0.2661892069583952,0.36392984066065237,2.4,3.625
8,0.9,0.1,0.1,0.2,0.05,0.05,8,7,50,6,6,29,6,21,0,0.58,0.12,0.5208333333333334,0.05103103630798288,0.020833333333333336,0.46727954509091013,0.5743871215757566,3.8333333333333335,8.0
8,0.9,0.1,0.2,0.2,0.05,0.1,8,7,50,42,43,50,43,0,1,1.0,0.86,0.3414115646258503,0.1575127487073883,0.024304744787287176,0.2923271367518024,0.39049599249989825,2.3095238095238093,3.6904761904761907
8,0.9,0.1,0.2,0.2,0.05,0.05,8,7,50,4,4,24,4,26,0,0.48,0.08,0.5,0.0,0.0,0.5,0.5,4.0,8.0
8,0.9,0.1,0.3,0.2,0.05,0.1,8,7,50,43,43,50,43,0,0,1.0,0.86,0.35285160575858254,0.14600258343188083,0.02226518523822866,0.30791864281945,0.3977845686977151,2.488372093023256,4.023255813953488
8,0.9,0.1,0.3,0.2,0.05,0.05,8,7,50,4,4,24,4,26,0,0.48,0.08,0.40625,0.0625,0.03125,0.3067985529598841,0.5057014470401159,4.75,8.0
8,0.9,0.1,0.4,0.2,0.05,0.1,8,7,50,43,43,50,43,0,0,1.0,0.86,0.3689645625692138,0.1146372367391575,0.017482014709601864,0.33368442855536334,0.4042446965830642,2.697674418604651,4.372093023255814
8,0.9,0.1,0.4,0.2,0.05,0.05,8,7,50,1,1,22,1,28,0,0.44,0.02,0.375,nan,nan,nan,nan,5.0,8.0
8,0.9,0.1,0.5,0.2,0.05,0.1,8,7,50,43,43,50,43,0,0,1.0,0.86,0.37619047619047613,0.12565023620913104,0.01916148138384656,0.33752104121083915,0.4148599111701131,2.883720930232558,4.674418604651163
8,0.9,0.1,0.5,0.2,0.05,0.05,8,7,50,0,0,22,0,28,0,0.44,0.0,nan,nan,nan,nan,nan,nan,nan
8,0.9,0.1,0.6,0.2,0.05,0.1,8,7,50,45,45,50,45,0,0,1.0,0.9,0.3939153439153439,0.08185029391004707,0.01220152141074682,0.3693247933052434,0.41850589452544434,3.022222222222222,5.0
8,0.9,0.1,0.6,0.2,0.05,0.05,8,7,50,0,0,23,0,27,0,0.46,0.0,nan,nan,nan,nan,nan,nan,nan
8,0.9,0.1,0.7,0.2,0.05,0.1,8,7,50,46,46,50,46,0,0,1.0,0.92,0.42277432712215307,0.08200283622154904,0.012090658582754843,0.3984224906968252,0.4471261635474809,2.9130434782608696,5.086956521739131
8,0.9,0.1,0.7,0.2,0.05,0.05,8,7,50,0,0,26,0,24,0,0.52,0.0,nan,nan,nan,nan,nan,nan,nan
8,0.9,0.1,0.8,0.2,0.05,0.1,8,7,50,50,50,50,50,0,0,1.0,1.0,0.4565952380952381,0.06318900837778427,0.008936275264076964,0.4386371206123785,0.47455335557809775,2.74,5.06
8,0.9,0.1,0.8,0.2,0.05,0.05,8,7,50,0,0,34,0,16,0,0.68,0.0,nan,nan,nan,nan,nan,nan,nan
8,0.9,0.1,0.9,0.2,0.05,0.1,8,7,50,50,50,50,50,0,0,1.0,1.0,0.47495238095238096,0.06925965232404886,0.009794793964191514,0.4552690055491588,0.49463575635560314,2.44,4.7
8,0.9,0.1,0.9,0.2,0.05,0.05,8,7,50,0,0,43,0,7,0,0.86,0.0,nan,nan,nan,nan,nan,nan,nan
8,0.9,0.1,1.0,0.2,0.05,0.1,8,7,50,50,50,50,50,0,0,1.0,1.0,0.5333333333333334,0.07221786137191952,0.010213147899774863,0.5128092442208074,0.5538574224458594,2.0,4.38
8,0.9,0.1,1.0,0.2,0.05,0.05,8,7,50,8,8,50,8,0,0,1.0,0.16,0.375,0.0,0.0,0.375,0.375,5.0,8.0
