n_nodes,tree_index,tree_seed,p,q,r,physical_error,social_error,threshold,max_budget,initial_uncertainty,greedy_budget,contact_budget,budget_gain,random_seed
8,0,2029167940,0.9,0.1,0.0,0.2,0.05,0.1,8,0.142578125,2,4,0.5,7
8,1,1342382291,0.9,0.1,0.0,0.2,0.05,0.1,8,0.16162109375,4,6,0.3333333333333333,7
8,2,1469265225,0.9,0.1,0.0,0.2,0.05,0.1,8,0.12646484375,1,2,0.5,7
8,3,1926751965,0.9,0.1,0.0,0.2,0.05,0.1,8,0.1328125,2,3,0.3333333333333333,7
8,4,1241873584,0.9,0.1,0.0,0.2,0.05,0.1,8,0.14404296875,3,4,0.25,7
8,5,1665772334,0.9,0.1,0.0,0.2,0.05,0.1,8,0.12646484375,1,2,0.5,7
8,6,1790251936,0.9,0.1,0.0,0.2,0.05,0.1,8,0.095062255859375,0,0,nan,7
8,7,483628757,0.9,0.1,0.0,0.2,0.05,0.1,8,0.1796875,5,8,0.375,7
8,8,119253154,0.9,0.1,0.0,0.2,0.05,0.1,8,0.1875,6,inf,nan,7
8,9,644602188,0.9,0.1,0.0,0.2,0.05,0.1,8,0.185546875,6,inf,nan,7
8,10,612176793,0.9,0.1,0.0,0.2,0.05,0.1,8,0.14404296875,3,4,0.25,7
8,11,1875941738,0.9,0.1,0.0,0.2,0.05,0.1,8,0.185546875,6,inf,nan,7
8,12,1959843383,0.9,0.1,0.0,0.2,0.05,0.1,8,0.16943359375,4,8,0.5,7
8,13,11307154,0.9,0.1,0.0,0.2,0.05,0.1,8,0.12158203125,1,2,0.5,7
8,14,1073283950,0.9,0.1,0.0,0.2,0.05,0.1,8,0.14404296875,3,4,0.25,7
8,15,1763574598,0.9,0.1,0.0,0.2,0.05,0.1,8,0.1102294921875,1,1,0.0,7
8,16,282266798,0.9,0.1,0.0,0.2,0.05,0.1,8,0.177734375,5,inf,nan,7
8,17,1711693563,0.9,0.1,0.0,0.2,0.05,0.1,8,0.085174560546875,0,0,nan,7
8,18,255728784,0.9,0.1,0.0,0.2,0.05,0.1,8,0.1953125,6,inf,nan,7
8,19,1004882659,0.9,0.1,0.0,0.2,0.05,0.1,8,0.095062255859375,0,0,nan,7
8,20,1753345571,0.9,0.1,0.0,0.2,0.05,0.1,8,0.16015625,4,6,0.3333333333333333,7
8,21,650757180,0.9,0.1,0.0,0.2,0.05,0.1,8,0.14404296875,3,4,0.25,7
8,22,733587778,0.9,0.1,0.0,0.2,0.05,0.1,8,0.1165771484375,1,1,0.0,7
8,23,597914448,0.9,0.1,0.0,0.2,0.05,0.1,8,0.16162109375,4,6,0.3333333333333333,7
8,24,1545052023,0.9,0.1,0.0,0.2,0.05,0.1,8,0.1419677734375,3,4,0.25,7
8,25,547328271,0.9,0.1,0.0,0.2,0.05,0.1,8,0.1004638671875,1,1,0.0,7
8,26,2126996168,0.9,0.1,0.0,0.2,0.05,0.1,8,0.14404296875,3,4,0.25,7
8,27,955794088,0.9,0.1,0.0,0.2,0.05,0.1,8,0.12646484375,1,2,0.5,7
8,28,1026816910,0.9,0.1,0.0,0.2,0.05,0.1,8,0.142578125,2,4,0.5,7
8,29,1083509134,0.9,0.1,0.0,0.2,0.05,0.1,8,0.11376953125,1,1,0.0,7
8,30,1251001413,0.9,0.1,0.0,0.2,0.05,0.1,8,0.169921875,4,7,0.42857142857142855,7
8,31,1188626511,0.9,0.1,0.0,0.2,0.05,0.1,8,0.12646484375,1,2,0.5,7
8,32,1094029748,0.9,0.1,0.0,0.2,0.05,0.1,8,0.088714599609375,0,0,nan,7
8,33,2137820579,0.9,0.1,0.0,0.2,0.05,0.1,8,0.112640380859375,1,2,0.5,7
8,34,1734444720,0.9,0.1,0.0,0.2,0.05,0.1,8,0.1953125,6,inf,nan,7
8,35,1702228508,0.9,0.1,0.0,0.2,0.05,0.1,8,0.14404296875,3,4,0.25,7
8,36,1503827930,0.9,0.1,0.0,0.2,0.05,0.1,8,0.15380859375,3,5,0.4,7
8,37,1336119720,0.9,0.1,0.0,0.2,0.05,0.1,8,0.1165771484375,1,1,0.0,7
8,38,732347574,0.9,0.1,0.0,0.2,0.05,0.1,8,0.112640380859375,1,2,0.5,7
8,39,2123775744,0.9,0.1,0.0,0.2,0.05,0.1,8,0.1376953125,2,4,0.5,7
8,40,1001222388,0.9,0.1,0.0,0.2,0.05,0.1,8,0.14404296875,3,4,0.25,7
8,41,462371908,0.9,0.1,0.0,0.2,0.05,0.1,8,0.14404296875,3,4,0.25,7
8,42,1814811279,0.9,0.1,0.0,0.2,0.05,0.1,8,0.16015625,4,6,0.3333333333333333,7
8,43,344052722,0.9,0.1,0.0,0.2,0.05,0.1,8,0.1102294921875,1,1,0.0,7
8,44,1841358261,0.9,0.1,0.0,0.2,0.05,0.1,8,0.088714599609375,0,0,nan,7
8,45,1315418782,0.9,0.1,0.0,0.2,0.05,0.1,8,0.1201171875,1,2,0.5,7
8,46,246345229,0.9,0.1,0.0,0.2,0.05,0.1,8,0.088714599609375,0,0,nan,7
8,47,94364743,0.9,0.1,0.0,0.2,0.05,0.1,8,0.1165771484375,1,1,0.0,7
8,48,955111941,0.9,0.1,0.0,0.2,0.05,0.1,8,0.112640380859375,1,2,0.5,7
8,49,76622814,0.9,0.1,0.0,0.2,0.05,0.1,8,0.1419677734375,3,4,0.25,7
8,0,2029167940,0.9,0.1,0.1,0.2,0.05,0.1,8,0.15010128500000003,3,4,0.25,7
8,1,1342382291,0.9,0.1,0.1,0.2,0.05,0.1,8,0.16650775059800002,4,7,0.42857142857142855,7
8,2,1469265225,0.9,0.1,0.1,0.2,0.05,0.1,8,0.13443094059800004,2,3,0.3333333333333333,7
8,3,1926751965,0.9,0.1,0.1,0.2,0.05,0.1,8,0.14090738000000003,2,3,0.3333333333333333,7
8,4,1241873584,0.9,0.1,0.1,0.2,0.05,0.1,8,0.15046934559800004,3,4,0.25,7
8,5,1665772334,0.9,0.1,0.1,0.2,0.05,0.1,8,0.13443094059800004,2,3,0.3333333333333333,7
8,6,1790251936,0.9,0.1,0.1,0.2,0.05,0.1,8,0.10227650430295675,1,1,0.0,7
8,7,483628757,0.9,0.1,0.1,0.2,0.05,0.1,8,0.18452750000000004,5,8,0.375,7
8,8,119253154,0.9,0.1,0.1,0.2,0.05,0.1,8,0.19137200000000004,6,inf,nan,7
8,9,644602188,0.9,0.1,0.1,0.2,0.05,0.1,8,0.18902259500000002,6,inf,nan,7
8,10,612176793,0.9,0.1,0.1,0.2,0.05,0.1,8,0.15046934559800004,3,4,0.25,7
8,11,1875941738,0.9,0.1,0.1,0.2,0.05,0.1,8,0.18902259500000002,6,inf,nan,7
8,12,1959843383,0.9,0.1,0.1,0.2,0.05,0.1,8,0.17335225059800002,5,8,0.375,7
8,13,11307154,0.9,0.1,0.1,0.2,0.05,0.1,8,0.12832256179400003,2,3,0.3333333333333333,7
8,14,1073283950,0.9,0.1,0.1,0.2,0.05,0.1,8,0.15046934559800004,3,4,0.25,7
8,15,1763574598,0.9,0.1,0.1,0.2,0.05,0.1,8,0.11757757882568004,1,1,0.0,7
8,16,282266798,0.9,0.1,0.1,0.2,0.05,0.1,8,0.18217809500000004,5,inf,nan,7
8,17,1711693563,0.9,0.1,0.1,0.2,0.05,0.1,8,0.09189958193263674,0,0,nan,7
8,18,255728784,0.9,0.1,0.1,0.2,0.05,0.1,8,0.19821650000000002,6,inf,nan,7
8,19,1004882659,0.9,0.1,0.1,0.2,0.05,0.1,8,0.10227650430295675,1,1,0.0,7
8,20,1753345571,0.9,0.1,0.1,0.2,0.05,0.1,8,0.16613969000000003,4,6,0.3333333333333333,7
8,21,650757180,0.9,0.1,0.1,0.2,0.05,0.1,8,0.15046934559800004,3,4,0.25,7
8,22,733587778,0.9,0.1,0.1,0.2,0.05,0.1,8,0.12405401822768003,1,2,0.5,7
8,23,597914448,0.9,0.1,0.1,0.2,0.05,0.1,8,0.16650775059800002,4,7,0.42857142857142855,7
8,24,1545052023,0.9,0.1,0.1,0.2,0.05,0.1,8,0.14693692322768,3,4,0.25,7
8,25,547328271,0.9,0.1,0.1,0.2,0.05,0.1,8,0.10838367382568004,1,1,0.0,7
8,26,2126996168,0.9,0.1,0.1,0.2,0.05,0.1,8,0.15046934559800004,3,4,0.25,7
8,27,955794088,0.9,0.1,0.1,0.2,0.05,0.1,8,0.13443094059800004,2,3,0.3333333333333333,7
8,28,1026816910,0.9,0.1,0.1,0.2,0.05,0.1,8,0.15010128500000003,3,4,0.25,7
8,29,1083509134,0.9,0.1,0.1,0.2,0.05,0.1,8,0.12147806179400003,1,2,0.5,7
8,30,1251001413,0.9,0.1,0.1,0.2,0.05,0.1,8,0.17533359500000004,4,7,0.42857142857142855,7
8,31,1188626511,0.9,0.1,0.1,0.2,0.05,0.1,8,0.13443094059800004,2,3,0.3333333333333333,7
8,32,1094029748,0.9,0.1,0.1,0.2,0.05,0.1,8,0.09580006490095674,0,0,nan,7
8,33,2137820579,0.9,0.1,0.1,0.2,0.05,0.1,8,0.11831490930295674,1,2,0.5,7
8,34,1734444720,0.9,0.1,0.1,0.2,0.05,0.1,8,0.19821650000000002,6,inf,nan,7
8,35,1702228508,0.9,0.1,0.1,0.2,0.05,0.1,8,0.15046934559800004,3,4,0.25,7
8,36,1503827930,0.9,0.1,0.1,0.2,0.05,0.1,8,0.15966325059800004,3,5,0.4,7
8,37,1336119720,0.9,0.1,0.1,0.2,0.05,0.1,8,0.12405401822768003,1,2,0.5,7
8,38,732347574,0.9,0.1,0.1,0.2,0.05,0.1,8,0.11831490930295674,1,2,0.5,7
8,39,2123775744,0.9,0.1,0.1,0.2,0.05,0.1,8,0.14399290619600003,2,4,0.5,7
8,40,1001222388,0.9,0.1,0.1,0.2,0.05,0.1,8,0.15046934559800004,3,4,0.25,7
8,41,462371908,0.9,0.1,0.1,0.2,0.05,0.1,8,0.15046934559800004,3,4,0.25,7
8,42,1814811279,0.9,0.1,0.1,0.2,0.05,0.1,8,0.16613969000000003,4,6,0.3333333333333333,7
8,43,344052722,0.9,0.1,0.1,0.2,0.05,0.1,8,0.11757757882568004,1,1,0.0,7
8,44,1841358261,0.9,0.1,0.1,0.2,0.05,0.1,8,0.09580006490095674,0,0,nan,7
8,45,1315418782,0.9,0.1,0.1,0.2,0.05,0.1,8,0.12795450119600005,1,2,0.5,7
8,46,246345229,0.9,0.1,0.1,0.2,0.05,0.1,8,0.09580006490095674,0,0,nan,7
8,47,94364743,0.9,0.1,0.1,0.2,0.05,0.1,8,0.12405401822768003,1,2,0.5,7
8,48,955111941,0.9,0.1,0.1,0.2,0.05,0.1,8,0.11831490930295674,1,2,0.5,7
8,49,76622814,0.9,0.1,0.1,0.2,0.05,0.1,8,0.14693692322768,3,4,0.25,7
8,0,2029167940,0.9,0.1,0.2,0.2,0.05,0.1,8,0.15762948500000007,3,4,0.25,7
8,1,1342382291,0.9,0.1,0.2,0.2,0.05,0.1,8,0.17153036875800004,4,7,0.42857142857142855,7
8,2,1469265225,0.9,0.1,0.2,0.2,0.05,0.1,8,0.14266435875800007,2,3,0.3333333333333333,7
8,3,1926751965,0.9,0.1,0.2,0.2,0.05,0.1,8,0.14913698000000006,2,3,0.3333333333333333,7
8,4,1241873584,0.9,0.1,0.2,0.2,0.05,0.1,8,0.15709736375800004,3,5,0.4,7
8,5,1665772334,0.9,0.1,0.2,0.2,0.05,0.1,8,0.14266435875800007,2,3,0.3333333333333333,7
8,6,1790251936,0.9,0.1,0.2,0.2,0.05,0.1,8,0.11023881445628948,1,1,0.0,7
8,7,483628757,0.9,0.1,0.2,0.2,0.05,0.1,8,0.18904750000000003,5,8,0.375,7
8,8,119253154,0.9,0.1,0.2,0.2,0.05,0.1,8,0.19498800000000005,6,inf,nan,7
8,9,644602188,0.9,0.1,0.2,0.2,0.05,0.1,8,0.19243599500000003,6,inf,nan,7
8,10,612176793,0.9,0.1,0.2,0.2,0.05,0.1,8,0.15709736375800004,3,5,0.4,7
8,11,1875941738,0.9,0.1,0.2,0.2,0.05,0.1,8,0.19243599500000003,6,inf,nan,7
8,12,1959843383,0.9,0.1,0.2,0.2,0.05,0.1,8,0.17747086875800003,5,inf,nan,7
8,13,11307154,0.9,0.1,0.2,0.2,0.05,0.1,8,0.13565961627400006,2,3,0.3333333333333333,7
8,14,1073283950,0.9,0.1,0.2,0.2,0.05,0.1,8,0.15709736375800004,3,5,0.4,7
8,15,1763574598,0.9,0.1,0.2,0.2,0.05,0.1,8,0.12550792784702006,1,2,0.5,7
8,16,282266798,0.9,0.1,0.2,0.2,0.05,0.1,8,0.18649549500000004,5,inf,nan,7
8,17,1711693563,0.9,0.1,0.2,0.2,0.05,0.1,8,0.09955500478730948,0,0,nan,7
8,18,255728784,0.9,0.1,0.2,0.2,0.05,0.1,8,0.20092850000000004,6,inf,nan,7
8,19,1004882659,0.9,0.1,0.2,0.2,0.05,0.1,8,0.11023881445628948,1,1,0.0,7
8,20,1753345571,0.9,0.1,0.2,0.2,0.05,0.1,8,0.17206249000000004,4,6,0.3333333333333333,7
8,21,650757180,0.9,0.1,0.2,0.2,0.05,0.1,8,0.15709736375800004,3,5,0.4,7
8,22,733587778,0.9,0.1,0.2,0.2,0.05,0.1,8,0.13198054908902007,1,2,0.5,7
8,23,597914448,0.9,0.1,0.2,0.2,0.05,0.1,8,0.17153036875800004,4,7,0.42857142857142855,7
8,24,1545052023,0.9,0.1,0.2,0.2,0.05,0.1,8,0.15235405408902003,3,5,0.4,7
8,25,547328271,0.9,0.1,0.2,0.2,0.05,0.1,8,0.11701542284702006,1,1,0.0,7
8,26,2126996168,0.9,0.1,0.2,0.2,0.05,0.1,8,0.15709736375800004,3,5,0.4,7
8,27,955794088,0.9,0.1,0.2,0.2,0.05,0.1,8,0.14266435875800007,2,3,0.3333333333333333,7
8,28,1026816910,0.9,0.1,0.2,0.2,0.05,0.1,8,0.15762948500000007,3,4,0.25,7
8,29,1083509134,0.9,0.1,0.2,0.2,0.05,0.1,8,0.12971911627400007,1,2,0.5,7
8,30,1251001413,0.9,0.1,0.2,0.2,0.05,0.1,8,0.18055499500000005,4,7,0.42857142857142855,7
8,31,1188626511,0.9,0.1,0.2,0.2,0.05,0.1,8,0.14266435875800007,2,3,0.3333333333333333,7
8,32,1094029748,0.9,0.1,0.2,0.2,0.05,0.1,8,0.10376619321428948,1,1,0.0,7
8,33,2137820579,0.9,0.1,0.2,0.2,0.05,0.1,8,0.12467181945628948,1,2,0.5,7
8,34,1734444720,0.9,0.1,0.2,0.2,0.05,0.1,8,0.20092850000000004,6,inf,nan,7
8,35,1702228508,0.9,0.1,0.2,0.2,0.05,0.1,8,0.15709736375800004,3,5,0.4,7
8,36,1503827930,0.9,0.1,0.2,0.2,0.05,0.1,8,0.16558986875800005,4,6,0.3333333333333333,7
8,37,1336119720,0.9,0.1,0.2,0.2,0.05,0.1,8,0.13198054908902007,1,2,0.5,7
8,38,732347574,0.9,0.1,0.2,0.2,0.05,0.1,8,0.12467181945628948,1,2,0.5,7
8,39,2123775744,0.9,0.1,0.2,0.2,0.05,0.1,8,0.15062474251600005,3,4,0.25,7
8,40,1001222388,0.9,0.1,0.2,0.2,0.05,0.1,8,0.15709736375800004,3,5,0.4,7
8,41,462371908,0.9,0.1,0.2,0.2,0.05,0.1,8,0.15709736375800004,3,5,0.4,7
8,42,1814811279,0.9,0.1,0.2,0.2,0.05,0.1,8,0.17206249000000004,4,7,0.42857142857142855,7
8,43,344052722,0.9,0.1,0.2,0.2,0.05,0.1,8,0.12550792784702006,1,2,0.5,7
8,44,1841358261,0.9,0.1,0.2,0.2,0.05,0.1,8,0.10376619321428948,1,1,0.0,7
8,45,1315418782,0.9,0.1,0.2,0.2,0.05,0.1,8,0.13619173751600006,2,3,0.3333333333333333,7
8,46,246345229,0.9,0.1,0.2,0.2,0.05,0.1,8,0.10376619321428948,1,1,0.0,7
8,47,94364743,0.9,0.1,0.2,0.2,0.05,0.1,8,0.13198054908902007,1,2,0.5,7
8,48,955111941,0.9,0.1,0.2,0.2,0.05,0.1,8,0.12467181945628948,1,2,0.5,7
8,49,76622814,0.9,0.1,0.2,0.2,0.05,0.1,8,0.15235405408902003,3,5,0.4,7
8,0,2029167940,0.9,0.1,0.3,0.2,0.05,0.1,8,0.165096485,3,4,0.25,7
8,1,1342382291,0.9,0.1,0.3,0.2,0.05,0.1,8,0.17666308011799997,4,8,0.5,7
8,2,1469265225,0.9,0.1,0.3,0.2,0.05,0.1,8,0.151095070118,2,3,0.3333333333333333,7
8,3,1926751965,0.9,0.1,0.3,0.2,0.05,0.1,8,0.15741297999999998,3,4,0.25,7
8,4,1241873584,0.9,0.1,0.3,0.2,0.05,0.1,8,0.16387907511799998,3,5,0.4,7
8,5,1665772334,0.9,0.1,0.3,0.2,0.05,0.1,8,0.151095070118,2,3,0.3333333333333333,7
8,6,1790251936,0.9,0.1,0.3,0.2,0.05,0.1,8,0.11898705245697437,1,2,0.5,7
8,7,483628757,0.9,0.1,0.3,0.2,0.05,0.1,8,0.19324749999999996,5,8,0.375,7
8,8,119253154,0.9,0.1,0.3,0.2,0.05,0.1,8,0.19834799999999997,6,inf,nan,7
8,9,644602188,0.9,0.1,0.3,0.2,0.05,0.1,8,0.19576499499999997,6,inf,nan,7
8,10,612176793,0.9,0.1,0.3,0.2,0.05,0.1,8,0.16387907511799998,3,5,0.4,7
8,11,1875941738,0.9,0.1,0.3,0.2,0.05,0.1,8,0.19576499499999997,6,inf,nan,7
8,12,1959843383,0.9,0.1,0.3,0.2,0.05,0.1,8,0.18176358011799998,5,inf,nan,7
8,13,11307154,0.9,0.1,0.3,0.2,0.05,0.1,8,0.14355975035399998,2,3,0.3333333333333333,7
8,14,1073283950,0.9,0.1,0.3,0.2,0.05,0.1,8,0.16387907511799998,3,5,0.4,7
8,15,1763574598,0.9,0.1,0.3,0.2,0.05,0.1,8,0.13402091824391998,1,3,0.6666666666666666,7
8,16,282266798,0.9,0.1,0.3,0.2,0.05,0.1,8,0.190664495,5,inf,nan,7
8,17,1711693563,0.9,0.1,0.3,0.2,0.05,0.1,8,0.10823081046489437,1,1,0.0,7
8,18,255728784,0.9,0.1,0.3,0.2,0.05,0.1,8,0.20344849999999998,6,inf,nan,7
8,19,1004882659,0.9,0.1,0.3,0.2,0.05,0.1,8,0.11898705245697437,1,2,0.5,7
8,20,1753345571,0.9,0.1,0.3,0.2,0.05,0.1,8,0.17788048999999997,4,6,0.3333333333333333,7
8,21,650757180,0.9,0.1,0.3,0.2,0.05,0.1,8,0.16387907511799998,3,5,0.4,7
8,22,733587778,0.9,0.1,0.3,0.2,0.05,0.1,8,0.14033882812591997,2,3,0.3333333333333333,7
8,23,597914448,0.9,0.1,0.3,0.2,0.05,0.1,8,0.17666308011799997,4,8,0.5,7
8,24,1545052023,0.9,0.1,0.3,0.2,0.05,0.1,8,0.15822333312592,3,5,0.4,7
8,25,547328271,0.9,0.1,0.3,0.2,0.05,0.1,8,0.12633741324391998,1,2,0.5,7
8,26,2126996168,0.9,0.1,0.3,0.2,0.05,0.1,8,0.16387907511799998,3,5,0.4,7
8,27,955794088,0.9,0.1,0.3,0.2,0.05,0.1,8,0.151095070118,2,3,0.3333333333333333,7
8,28,1026816910,0.9,0.1,0.3,0.2,0.05,0.1,8,0.165096485,3,4,0.25,7
8,29,1083509134,0.9,0.1,0.3,0.2,0.05,0.1,8,0.13845925035399997,2,3,0.3333333333333333,7
8,30,1251001413,0.9,0.1,0.3,0.2,0.05,0.1,8,0.18556399499999998,5,7,0.2857142857142857,7
8,31,1188626511,0.9,0.1,0.3,0.2,0.05,0.1,8,0.151095070118,2,3,0.3333333333333333,7
8,32,1094029748,0.9,0.1,0.3,0.2,0.05,0.1,8,0.11266914257497436,1,1,0.0,7
8,33,2137820579,0.9,0.1,0.3,0.2,0.05,0.1,8,0.13177105745697437,2,3,0.3333333333333333,7
8,34,1734444720,0.9,0.1,0.3,0.2,0.05,0.1,8,0.20344849999999998,6,inf,nan,7
8,35,1702228508,0.9,0.1,0.3,0.2,0.05,0.1,8,0.16387907511799998,3,6,0.5,7
8,36,1503827930,0.9,0.1,0.3,0.2,0.05,0.1,8,0.17156258011799996,4,6,0.3333333333333333,7
8,37,1336119720,0.9,0.1,0.3,0.2,0.05,0.1,8,0.14033882812591997,2,3,0.3333333333333333,7
8,38,732347574,0.9,0.1,0.3,0.2,0.05,0.1,8,0.13177105745697437,2,3,0.3333333333333333,7
8,39,2123775744,0.9,0.1,0.3,0.2,0.05,0.1,8,0.15756116523599997,3,5,0.4,7
8,40,1001222388,0.9,0.1,0.3,0.2,0.05,0.1,8,0.16387907511799998,3,5,0.4,7
8,41,462371908,0.9,0.1,0.3,0.2,0.05,0.1,8,0.16387907511799998,3,5,0.4,7
8,42,1814811279,0.9,0.1,0.3,0.2,0.05,0.1,8,0.17788048999999997,4,7,0.42857142857142855,7
8,43,344052722,0.9,0.1,0.3,0.2,0.05,0.1,8,0.13402091824391998,1,3,0.6666666666666666,7
8,44,1841358261,0.9,0.1,0.3,0.2,0.05,0.1,8,0.11266914257497436,1,1,0.0,7
8,45,1315418782,0.9,0.1,0.3,0.2,0.05,0.1,8,0.14477716023599999,2,3,0.3333333333333333,7
8,46,246345229,0.9,0.1,0.3,0.2,0.05,0.1,8,0.11266914257497436,1,1,0.0,7
8,47,94364743,0.9,0.1,0.3,0.2,0.05,0.1,8,0.14033882812591997,2,3,0.3333333333333333,7
8,48,955111941,0.9,0.1,0.3,0.2,0.05,0.1,8,0.13177105745697437,2,3,0.3333333333333333,7
8,49,76622814,0.9,0.1,0.3,0.2,0.05,0.1,8,0.15822333312592,3,5,0.4,7
8,0,2029167940,0.9,0.1,0.4,0.2,0.05,0.1,8,0.17243028500000002,3,5,0.4,7
8,1,1342382291,0.9,0.1,0.4,0.2,0.05,0.1,8,0.18186902475800001,4,8,0.5,7
8,2,1469265225,0.9,0.1,0.4,0.2,0.05,0.1,8,0.15963821475800002,3,4,0.25,7
8,3,1926751965,0.9,0.1,0.4,0.2,0.05,0.1,8,0.16563938000000003,3,4,0.25,7
8,4,1241873584,0.9,0.1,0.4,0.2,0.05,0.1,8,0.17075361975800002,4,6,0.3333333333333333,7
8,5,1665772334,0.9,0.1,0.4,0.2,0.05,0.1,8,0.15963821475800002,2,4,0.5,7
8,6,1790251936,0.9,0.1,0.4,0.2,0.05,0.1,8,0.1285413505613009,1,2,0.5,7
8,7,483628757,0.9,0.1,0.4,0.2,0.05,0.1,8,0.1971275,5,8,0.375,7
8,8,119253154,0.9,0.1,0.4,0.2,0.05,0.1,8,0.20145200000000002,5,inf,nan,7
8,9,644602188,0.9,0.1,0.4,0.2,0.05,0.1,8,0.19898559500000002,6,inf,nan,7
8,10,612176793,0.9,0.1,0.4,0.2,0.05,0.1,8,0.17075361975800002,3,6,0.5,7
8,11,1875941738,0.9,0.1,0.4,0.2,0.05,0.1,8,0.19898559500000002,6,inf,nan,7
8,12,1959843383,0.9,0.1,0.4,0.2,0.05,0.1,8,0.18619352475800002,5,inf,nan,7
8,13,11307154,0.9,0.1,0.4,0.2,0.05,0.1,8,0.15196038427400002,2,4,0.5,7
8,14,1073283950,0.9,0.1,0.4,0.2,0.05,0.1,8,0.17075361975800002,3,6,0.5,7
8,15,1763574598,0.9,0.1,0.4,0.2,0.05,0.1,8,0.14308970119358003,2,3,0.3333333333333333,7
8,16,282266798,0.9,0.1,0.4,0.2,0.05,0.1,8,0.194661095,5,inf,nan,7
8,17,1711693563,0.9,0.1,0.4,0.2,0.05,0.1,8,0.1179940022388809,1,1,0.0,7
8,18,255728784,0.9,0.1,0.4,0.2,0.05,0.1,8,0.2057765,6,inf,nan,7
8,19,1004882659,0.9,0.1,0.4,0.2,0.05,0.1,8,0.1285413505613009,1,2,0.5,7
8,20,1753345571,0.9,0.1,0.4,0.2,0.05,0.1,8,0.18354569,4,6,0.3333333333333333,7
8,21,650757180,0.9,0.1,0.4,0.2,0.05,0.1,8,0.17075361975800002,4,6,0.3333333333333333,7
8,22,733587778,0.9,0.1,0.4,0.2,0.05,0.1,8,0.14909086643558,2,3,0.3333333333333333,7
8,23,597914448,0.9,0.1,0.4,0.2,0.05,0.1,8,0.18186902475800001,4,8,0.5,7
8,24,1545052023,0.9,0.1,0.4,0.2,0.05,0.1,8,0.16453077143558,3,5,0.4,7
8,25,547328271,0.9,0.1,0.4,0.2,0.05,0.1,8,0.13629879619358,2,2,0.0,7
8,26,2126996168,0.9,0.1,0.4,0.2,0.05,0.1,8,0.17075361975800002,3,5,0.4,7
8,27,955794088,0.9,0.1,0.4,0.2,0.05,0.1,8,0.15963821475800002,3,4,0.25,7
8,28,1026816910,0.9,0.1,0.4,0.2,0.05,0.1,8,0.17243028500000002,3,5,0.4,7
8,29,1083509134,0.9,0.1,0.4,0.2,0.05,0.1,8,0.147635884274,2,3,0.3333333333333333,7
8,30,1251001413,0.9,0.1,0.4,0.2,0.05,0.1,8,0.190336595,4,7,0.42857142857142855,7
8,31,1188626511,0.9,0.1,0.4,0.2,0.05,0.1,8,0.15963821475800002,3,4,0.25,7
8,32,1094029748,0.9,0.1,0.4,0.2,0.05,0.1,8,0.1225401853193009,1,2,0.5,7
8,33,2137820579,0.9,0.1,0.4,0.2,0.05,0.1,8,0.13965675556130092,2,3,0.3333333333333333,7
8,34,1734444720,0.9,0.1,0.4,0.2,0.05,0.1,8,0.2057765,6,inf,nan,7
8,35,1702228508,0.9,0.1,0.4,0.2,0.05,0.1,8,0.17075361975800002,4,6,0.3333333333333333,7
8,36,1503827930,0.9,0.1,0.4,0.2,0.05,0.1,8,0.177544524758,4,6,0.3333333333333333,7
8,37,1336119720,0.9,0.1,0.4,0.2,0.05,0.1,8,0.14909086643558,2,3,0.3333333333333333,7
8,38,732347574,0.9,0.1,0.4,0.2,0.05,0.1,8,0.13965675556130092,2,3,0.3333333333333333,7
8,39,2123775744,0.9,0.1,0.4,0.2,0.05,0.1,8,0.164752454516,3,5,0.4,7
8,40,1001222388,0.9,0.1,0.4,0.2,0.05,0.1,8,0.17075361975800002,4,6,0.3333333333333333,7
8,41,462371908,0.9,0.1,0.4,0.2,0.05,0.1,8,0.17075361975800002,3,5,0.4,7
8,42,1814811279,0.9,0.1,0.4,0.2,0.05,0.1,8,0.18354569,4,7,0.42857142857142855,7
8,43,344052722,0.9,0.1,0.4,0.2,0.05,0.1,8,0.14308970119358003,2,3,0.3333333333333333,7
8,44,1841358261,0.9,0.1,0.4,0.2,0.05,0.1,8,0.1225401853193009,1,2,0.5,7
8,45,1315418782,0.9,0.1,0.4,0.2,0.05,0.1,8,0.15363704951600002,2,3,0.3333333333333333,7
8,46,246345229,0.9,0.1,0.4,0.2,0.05,0.1,8,0.1225401853193009,1,2,0.5,7
8,47,94364743,0.9,0.1,0.4,0.2,0.05,0.1,8,0.14909086643558,2,3,0.3333333333333333,7
8,48,955111941,0.9,0.1,0.4,0.2,0.05,0.1,8,0.13965675556130092,2,3,0.3333333333333333,7
8,49,76622814,0.9,0.1,0.4,0.2,0.05,0.1,8,0.16453077143558,3,5,0.4,7
8,0,2029167940,0.9,0.1,0.5,0.2,0.05,0.1,8,0.179553125,3,5,0.4,7
8,1,1342382291,0.9,0.1,0.5,0.2,0.05,0.1,8,0.18709872375,4,8,0.5,7
8,2,1469265225,0.9,0.1,0.5,0.2,0.05,0.1,8,0.16819247375,3,4,0.25,7
8,3,1926751965,0.9,0.1,0.5,0.2,0.05,0.1,8,0.1737125,3,4,0.25,7
8,4,1241873584,0.9,0.1,0.5,0.2,0.05,0.1,8,0.17764559875,4,6,0.3333333333333333,7
8,5,1665772334,0.9,0.1,0.5,0.2,0.05,0.1,8,0.16819247375,3,4,0.25,7
8,6,1790251936,0.9,0.1,0.5,0.2,0.05,0.1,8,0.13889188369371874,2,2,0.0,7
8,7,483628757,0.9,0.1,0.5,0.2,0.05,0.1,8,0.2006875,5,7,0.2857142857142857,7
8,8,119253154,0.9,0.1,0.5,0.2,0.05,0.1,8,0.20429999999999998,5,inf,nan,7
8,9,644602188,0.9,0.1,0.5,0.2,0.05,0.1,8,0.202071875,6,inf,nan,7
8,10,612176793,0.9,0.1,0.5,0.2,0.05,0.1,8,0.17764559875,4,6,0.3333333333333333,7
8,11,1875941738,0.9,0.1,0.5,0.2,0.05,0.1,8,0.202071875,6,inf,nan,7
8,12,1959843383,0.9,0.1,0.5,0.2,0.05,0.1,8,0.19071122375,5,inf,nan,7
8,13,11307154,0.9,0.1,0.5,0.2,0.05,0.1,8,0.16076492125,3,4,0.25,7
8,14,1073283950,0.9,0.1,0.5,0.2,0.05,0.1,8,0.17764559875,4,6,0.3333333333333333,7
8,15,1763574598,0.9,0.1,0.5,0.2,0.05,0.1,8,0.15265206125,2,3,0.3333333333333333,7
8,16,282266798,0.9,0.1,0.5,0.2,0.05,0.1,8,0.198459375,5,inf,nan,7
8,17,1711693563,0.9,0.1,0.5,0.2,0.05,0.1,8,0.12887149744371876,1,2,0.5,7
8,18,255728784,0.9,0.1,0.5,0.2,0.05,0.1,8,0.2079125,6,inf,nan,7
8,19,1004882659,0.9,0.1,0.5,0.2,0.05,0.1,8,0.13889188369371874,2,2,0.0,7
8,20,1753345571,0.9,0.1,0.5,0.2,0.05,0.1,8,0.18900625,4,6,0.3333333333333333,7
8,21,650757180,0.9,0.1,0.5,0.2,0.05,0.1,8,0.17764559875,4,6,0.3333333333333333,7
8,22,733587778,0.9,0.1,0.5,0.2,0.05,0.1,8,0.1581720875,2,4,0.5,7
8,23,597914448,0.9,0.1,0.5,0.2,0.05,0.1,8,0.18709872375,4,8,0.5,7
8,24,1545052023,0.9,0.1,0.5,0.2,0.05,0.1,8,0.1712377125,4,6,0.3333333333333333,7
8,25,547328271,0.9,0.1,0.5,0.2,0.05,0.1,8,0.14681143625,2,3,0.3333333333333333,7
8,26,2126996168,0.9,0.1,0.5,0.2,0.05,0.1,8,0.17764559875,3,6,0.5,7
8,27,955794088,0.9,0.1,0.5,0.2,0.05,0.1,8,0.16819247375,3,4,0.25,7
8,28,1026816910,0.9,0.1,0.5,0.2,0.05,0.1,8,0.179553125,3,5,0.4,7
8,29,1083509134,0.9,0.1,0.5,0.2,0.05,0.1,8,0.15715242125,2,4,0.5,7
8,30,1251001413,0.9,0.1,0.5,0.2,0.05,0.1,8,0.194846875,4,7,0.42857142857142855,7
8,31,1188626511,0.9,0.1,0.5,0.2,0.05,0.1,8,0.16819247375,3,4,0.25,7
8,32,1094029748,0.9,0.1,0.5,0.2,0.05,0.1,8,0.13337185744371874,1,2,0.5,7
8,33,2137820579,0.9,0.1,0.5,0.2,0.05,0.1,8,0.14834500869371875,2,4,0.5,7
8,34,1734444720,0.9,0.1,0.5,0.2,0.05,0.1,8,0.2079125,6,inf,nan,7
8,35,1702228508,0.9,0.1,0.5,0.2,0.05,0.1,8,0.17764559875,4,6,0.3333333333333333,7
8,36,1503827930,0.9,0.1,0.5,0.2,0.05,0.1,8,0.18348622375,4,6,0.3333333333333333,7
8,37,1336119720,0.9,0.1,0.5,0.2,0.05,0.1,8,0.1581720875,2,4,0.5,7
8,38,732347574,0.9,0.1,0.5,0.2,0.05,0.1,8,0.14834500869371875,2,4,0.5,7
8,39,2123775744,0.9,0.1,0.5,0.2,0.05,0.1,8,0.1721255725,3,5,0.4,7
8,40,1001222388,0.9,0.1,0.5,0.2,0.05,0.1,8,0.17764559875,4,6,0.3333333333333333,7
8,41,462371908,0.9,0.1,0.5,0.2,0.05,0.1,8,0.17764559875,3,6,0.5,7
8,42,1814811279,0.9,0.1,0.5,0.2,0.05,0.1,8,0.18900625,4,7,0.42857142857142855,7
8,43,344052722,0.9,0.1,0.5,0.2,0.05,0.1,8,0.15265206125,2,3,0.3333333333333333,7
8,44,1841358261,0.9,0.1,0.5,0.2,0.05,0.1,8,0.13337185744371874,1,2,0.5,7
8,45,1315418782,0.9,0.1,0.5,0.2,0.05,0.1,8,0.16267244749999998,2,4,0.5,7
8,46,246345229,0.9,0.1,0.5,0.2,0.05,0.1,8,0.13337185744371874,1,2,0.5,7
8,47,94364743,0.9,0.1,0.5,0.2,0.05,0.1,8,0.1581720875,2,4,0.5,7
8,48,955111941,0.9,0.1,0.5,0.2,0.05,0.1,8,0.14834500869371875,2,4,0.5,7
8,49,76622814,0.9,0.1,0.5,0.2,0.05,0.1,8,0.1712377125,4,6,0.3333333333333333,7
8,0,2029167940,0.9,0.1,0.6,0.2,0.05,0.1,8,0.186381485,3,5,0.4,7
8,1,1342382291,0.9,0.1,0.6,0.2,0.05,0.1,8,0.192288307958,4,7,0.42857142857142855,7
8,2,1469265225,0.9,0.1,0.6,0.2,0.05,0.1,8,0.176638297958,3,5,0.4,7
8,3,1926751965,0.9,0.1,0.6,0.2,0.05,0.1,8,0.18152098000000003,3,4,0.25,7
8,4,1241873584,0.9,0.1,0.6,0.2,0.05,0.1,8,0.184463302958,4,6,0.3333333333333333,7
8,5,1665772334,0.9,0.1,0.6,0.2,0.05,0.1,8,0.176638297958,3,4,0.25,7
8,6,1790251936,0.9,0.1,0.6,0.2,0.05,0.1,8,0.14998175975995565,2,3,0.3333333333333333,7
8,7,483628757,0.9,0.1,0.6,0.2,0.05,0.1,8,0.2039275,4,7,0.42857142857142855,7
8,8,119253154,0.9,0.1,0.6,0.2,0.05,0.1,8,0.20689200000000002,5,inf,nan,7
8,9,644602188,0.9,0.1,0.6,0.2,0.05,0.1,8,0.20499599500000001,5,inf,nan,7
8,10,612176793,0.9,0.1,0.6,0.2,0.05,0.1,8,0.184463302958,4,6,0.3333333333333333,7
8,11,1875941738,0.9,0.1,0.6,0.2,0.05,0.1,8,0.20499599500000001,5,inf,nan,7
8,12,1959843383,0.9,0.1,0.6,0.2,0.05,0.1,8,0.195252807958,5,8,0.375,7
8,13,11307154,0.9,0.1,0.6,0.2,0.05,0.1,8,0.16983743387400002,3,4,0.25,7
8,14,1073283950,0.9,0.1,0.6,0.2,0.05,0.1,8,0.184463302958,4,6,0.3333333333333333,7
8,15,1763574598,0.9,0.1,0.6,0.2,0.05,0.1,8,0.16260065629758003,2,4,0.5,7
8,16,282266798,0.9,0.1,0.6,0.2,0.05,0.1,8,0.202031495,5,8,0.375,7
8,17,1711693563,0.9,0.1,0.6,0.2,0.05,0.1,8,0.14082680014153565,2,3,0.3333333333333333,7
8,18,255728784,0.9,0.1,0.6,0.2,0.05,0.1,8,0.2098565,6,inf,nan,7
8,19,1004882659,0.9,0.1,0.6,0.2,0.05,0.1,8,0.14998175975995565,2,3,0.3333333333333333,7
8,20,1753345571,0.9,0.1,0.6,0.2,0.05,0.1,8,0.19420649,4,6,0.3333333333333333,7
8,21,650757180,0.9,0.1,0.6,0.2,0.05,0.1,8,0.184463302958,4,6,0.3333333333333333,7
8,22,733587778,0.9,0.1,0.6,0.2,0.05,0.1,8,0.16748333833958,2,4,0.5,7
8,23,597914448,0.9,0.1,0.6,0.2,0.05,0.1,8,0.192288307958,4,7,0.42857142857142855,7
8,24,1545052023,0.9,0.1,0.6,0.2,0.05,0.1,8,0.17827284333958002,4,6,0.3333333333333333,7
8,25,547328271,0.9,0.1,0.6,0.2,0.05,0.1,8,0.15774015129758,2,3,0.3333333333333333,7
8,26,2126996168,0.9,0.1,0.6,0.2,0.05,0.1,8,0.184463302958,3,6,0.5,7
8,27,955794088,0.9,0.1,0.6,0.2,0.05,0.1,8,0.176638297958,3,4,0.25,7
8,28,1026816910,0.9,0.1,0.6,0.2,0.05,0.1,8,0.186381485,3,5,0.4,7
8,29,1083509134,0.9,0.1,0.6,0.2,0.05,0.1,8,0.166872933874,2,4,0.5,7
8,30,1251001413,0.9,0.1,0.6,0.2,0.05,0.1,8,0.19906699500000002,4,7,0.42857142857142855,7
8,31,1188626511,0.9,0.1,0.6,0.2,0.05,0.1,8,0.176638297958,3,5,0.4,7
8,32,1094029748,0.9,0.1,0.6,0.2,0.05,0.1,8,0.14509907771795563,2,3,0.3333333333333333,7
8,33,2137820579,0.9,0.1,0.6,0.2,0.05,0.1,8,0.15780676475995564,2,4,0.5,7
8,34,1734444720,0.9,0.1,0.6,0.2,0.05,0.1,8,0.2098565,6,inf,nan,7
8,35,1702228508,0.9,0.1,0.6,0.2,0.05,0.1,8,0.184463302958,4,6,0.3333333333333333,7
8,36,1503827930,0.9,0.1,0.6,0.2,0.05,0.1,8,0.18932380795800002,4,6,0.3333333333333333,7
8,37,1336119720,0.9,0.1,0.6,0.2,0.05,0.1,8,0.16748333833958,2,4,0.5,7
8,38,732347574,0.9,0.1,0.6,0.2,0.05,0.1,8,0.15780676475995564,2,4,0.5,7
8,39,2123775744,0.9,0.1,0.6,0.2,0.05,0.1,8,0.17958062091600002,3,5,0.4,7
8,40,1001222388,0.9,0.1,0.6,0.2,0.05,0.1,8,0.184463302958,3,6,0.5,7
8,41,462371908,0.9,0.1,0.6,0.2,0.05,0.1,8,0.184463302958,3,6,0.5,7
8,42,1814811279,0.9,0.1,0.6,0.2,0.05,0.1,8,0.19420649,4,7,0.42857142857142855,7
8,43,344052722,0.9,0.1,0.6,0.2,0.05,0.1,8,0.16260065629758003,2,4,0.5,7
8,44,1841358261,0.9,0.1,0.6,0.2,0.05,0.1,8,0.14509907771795563,2,3,0.3333333333333333,7
8,45,1315418782,0.9,0.1,0.6,0.2,0.05,0.1,8,0.17175561591600003,2,4,0.5,7
8,46,246345229,0.9,0.1,0.6,0.2,0.05,0.1,8,0.14509907771795563,2,3,0.3333333333333333,7
8,47,94364743,0.9,0.1,0.6,0.2,0.05,0.1,8,0.16748333833958,2,4,0.5,7
8,48,955111941,0.9,0.1,0.6,0.2,0.05,0.1,8,0.15780676475995564,2,4,0.5,7
8,49,76622814,0.9,0.1,0.6,0.2,0.05,0.1,8,0.17827284333958002,4,6,0.3333333333333333,7
8,0,2029167940,0.9,0.1,0.7,0.2,0.05,0.1,8,0.19282608499999998,3,5,0.4,7
8,1,1342382291,0.9,0.1,0.7,0.2,0.05,0.1,8,0.197357602838,4,7,0.42857142857142855,7
8,2,1469265225,0.9,0.1,0.7,0.2,0.05,0.1,8,0.184835992838,3,5,0.4,7
8,3,1926751965,0.9,0.1,0.7,0.2,0.05,0.1,8,0.18894578,3,4,0.25,7
8,4,1241873584,0.9,0.1,0.7,0.2,0.05,0.1,8,0.191096797838,4,6,0.3333333333333333,7
8,5,1665772334,0.9,0.1,0.7,0.2,0.05,0.1,8,0.184835992838,3,4,0.25,7
8,6,1790251936,0.9,0.1,0.7,0.2,0.05,0.1,8,0.16168353893131207,2,3,0.3333333333333333,7
8,7,483628757,0.9,0.1,0.7,0.2,0.05,0.1,8,0.2068475,4,7,0.42857142857142855,7
8,8,119253154,0.9,0.1,0.7,0.2,0.05,0.1,8,0.209228,5,8,0.375,7
8,9,644602188,0.9,0.1,0.7,0.2,0.05,0.1,8,0.207728195,5,inf,nan,7
8,10,612176793,0.9,0.1,0.7,0.2,0.05,0.1,8,0.191096797838,3,6,0.5,7
8,11,1875941738,0.9,0.1,0.7,0.2,0.05,0.1,8,0.207728195,5,inf,nan,7
8,12,1959843383,0.9,0.1,0.7,0.2,0.05,0.1,8,0.199738102838,5,8,0.375,7
8,13,11307154,0.9,0.1,0.7,0.2,0.05,0.1,8,0.17899691851400001,3,5,0.4,7
8,14,1073283950,0.9,0.1,0.7,0.2,0.05,0.1,8,0.191096797838,3,6,0.5,7
8,15,1763574598,0.9,0.1,0.7,0.2,0.05,0.1,8,0.17277140039432,2,4,0.5,7
8,16,282266798,0.9,0.1,0.7,0.2,0.05,0.1,8,0.205347695,4,8,0.5,7
8,17,1711693563,0.9,0.1,0.7,0.2,0.05,0.1,8,0.15372873364963208,2,3,0.3333333333333333,7
8,18,255728784,0.9,0.1,0.7,0.2,0.05,0.1,8,0.2116085,5,inf,nan,7
8,19,1004882659,0.9,0.1,0.7,0.2,0.05,0.1,8,0.16168353893131207,2,3,0.3333333333333333,7
8,20,1753345571,0.9,0.1,0.7,0.2,0.05,0.1,8,0.19908689,3,6,0.5,7
8,21,650757180,0.9,0.1,0.7,0.2,0.05,0.1,8,0.191096797838,4,6,0.3333333333333333,7
8,22,733587778,0.9,0.1,0.7,0.2,0.05,0.1,8,0.17688118755631999,2,4,0.5,7
8,23,597914448,0.9,0.1,0.7,0.2,0.05,0.1,8,0.197357602838,4,7,0.42857142857142855,7
8,24,1545052023,0.9,0.1,0.7,0.2,0.05,0.1,8,0.18552249255632,3,6,0.5,7
8,25,547328271,0.9,0.1,0.7,0.2,0.05,0.1,8,0.16889109539432,2,4,0.5,7
8,26,2126996168,0.9,0.1,0.7,0.2,0.05,0.1,8,0.191096797838,3,6,0.5,7
8,27,955794088,0.9,0.1,0.7,0.2,0.05,0.1,8,0.184835992838,3,4,0.25,7
8,28,1026816910,0.9,0.1,0.7,0.2,0.05,0.1,8,0.19282608499999998,3,5,0.4,7
8,29,1083509134,0.9,0.1,0.7,0.2,0.05,0.1,8,0.176616418514,2,4,0.5,7
8,30,1251001413,0.9,0.1,0.7,0.2,0.05,0.1,8,0.202967195,4,7,0.42857142857142855,7
8,31,1188626511,0.9,0.1,0.7,0.2,0.05,0.1,8,0.184835992838,3,5,0.4,7
8,32,1094029748,0.9,0.1,0.7,0.2,0.05,0.1,8,0.15757375176931207,2,3,0.3333333333333333,7
8,33,2137820579,0.9,0.1,0.7,0.2,0.05,0.1,8,0.16794434393131208,2,4,0.5,7
8,34,1734444720,0.9,0.1,0.7,0.2,0.05,0.1,8,0.2116085,5,inf,nan,7
8,35,1702228508,0.9,0.1,0.7,0.2,0.05,0.1,8,0.191096797838,4,6,0.3333333333333333,7
8,36,1503827930,0.9,0.1,0.7,0.2,0.05,0.1,8,0.194977102838,3,6,0.5,7
8,37,1336119720,0.9,0.1,0.7,0.2,0.05,0.1,8,0.17688118755631999,2,4,0.5,7
8,38,732347574,0.9,0.1,0.7,0.2,0.05,0.1,8,0.16794434393131208,2,4,0.5,7
8,39,2123775744,0.9,0.1,0.7,0.2,0.05,0.1,8,0.186987010676,3,5,0.4,7
8,40,1001222388,0.9,0.1,0.7,0.2,0.05,0.1,8,0.191096797838,3,6,0.5,7
8,41,462371908,0.9,0.1,0.7,0.2,0.05,0.1,8,0.191096797838,3,6,0.5,7
8,42,1814811279,0.9,0.1,0.7,0.2,0.05,0.1,8,0.19908689,4,6,0.3333333333333333,7
8,43,344052722,0.9,0.1,0.7,0.2,0.05,0.1,8,0.17277140039432,2,4,0.5,7
8,44,1841358261,0.9,0.1,0.7,0.2,0.05,0.1,8,0.15757375176931207,2,3,0.3333333333333333,7
8,45,1315418782,0.9,0.1,0.7,0.2,0.05,0.1,8,0.180726205676,2,4,0.5,7
8,46,246345229,0.9,0.1,0.7,0.2,0.05,0.1,8,0.15757375176931207,2,3,0.3333333333333333,7
8,47,94364743,0.9,0.1,0.7,0.2,0.05,0.1,8,0.17688118755631999,2,4,0.5,7
8,48,955111941,0.9,0.1,0.7,0.2,0.05,0.1,8,0.16794434393131208,2,4,0.5,7
8,49,76622814,0.9,0.1,0.7,0.2,0.05,0.1,8,0.18552249255632,3,6,0.5,7
8,0,2029167940,0.9,0.1,0.8,0.2,0.05,0.1,8,0.198791885,2,4,0.5,7
8,1,1342382291,0.9,0.1,0.8,0.2,0.05,0.1,8,0.202208069238,4,7,0.42857142857142855,7
8,2,1469265225,0.9,0.1,0.8,0.2,0.05,0.1,8,0.192623659238,2,4,0.5,7
8,3,1926751965,0.9,0.1,0.8,0.2,0.05,0.1,8,0.19586018,2,4,0.5,7
8,4,1241873584,0.9,0.1,0.8,0.2,0.05,0.1,8,0.197415864238,3,6,0.5,7
8,5,1665772334,0.9,0.1,0.8,0.2,0.05,0.1,8,0.192623659238,2,4,0.5,7
8,6,1790251936,0.9,0.1,0.8,0.2,0.05,0.1,8,0.17376754637608335,2,4,0.5,7
8,7,483628757,0.9,0.1,0.8,0.2,0.05,0.1,8,0.2094475,3,6,0.5,7
8,8,119253154,0.9,0.1,0.8,0.2,0.05,0.1,8,0.211308,4,7,0.42857142857142855,7
8,9,644602188,0.9,0.1,0.8,0.2,0.05,0.1,8,0.210236795,4,7,0.42857142857142855,7
8,10,612176793,0.9,0.1,0.8,0.2,0.05,0.1,8,0.197415864238,3,5,0.4,7
8,11,1875941738,0.9,0.1,0.8,0.2,0.05,0.1,8,0.210236795,5,8,0.375,7
8,12,1959843383,0.9,0.1,0.8,0.2,0.05,0.1,8,0.204068569238,4,7,0.42857142857142855,7
8,13,11307154,0.9,0.1,0.8,0.2,0.05,0.1,8,0.188011117714,3,5,0.4,7
8,14,1073283950,0.9,0.1,0.8,0.2,0.05,0.1,8,0.197415864238,3,5,0.4,7
8,15,1763574598,0.9,0.1,0.8,0.2,0.05,0.1,8,0.18292973347262,2,4,0.5,7
8,16,282266798,0.9,0.1,0.8,0.2,0.05,0.1,8,0.208376295,4,7,0.42857142857142855,7
8,17,1711693563,0.9,0.1,0.8,0.2,0.05,0.1,8,0.16731014137270336,2,3,0.3333333333333333,7
8,18,255728784,0.9,0.1,0.8,0.2,0.05,0.1,8,0.21316849999999998,4,8,0.5,7
8,19,1004882659,0.9,0.1,0.8,0.2,0.05,0.1,8,0.17376754637608335,2,4,0.5,7
8,20,1753345571,0.9,0.1,0.8,0.2,0.05,0.1,8,0.20358409,3,5,0.4,7
8,21,650757180,0.9,0.1,0.8,0.2,0.05,0.1,8,0.197415864238,3,6,0.5,7
8,22,733587778,0.9,0.1,0.8,0.2,0.05,0.1,8,0.18616625423462002,2,4,0.5,7
8,23,597914448,0.9,0.1,0.8,0.2,0.05,0.1,8,0.202208069238,4,7,0.42857142857142855,7
8,24,1545052023,0.9,0.1,0.8,0.2,0.05,0.1,8,0.19281895923462,3,6,0.5,7
8,25,547328271,0.9,0.1,0.8,0.2,0.05,0.1,8,0.17999802847262,2,4,0.5,7
8,26,2126996168,0.9,0.1,0.8,0.2,0.05,0.1,8,0.197415864238,3,5,0.4,7
8,27,955794088,0.9,0.1,0.8,0.2,0.05,0.1,8,0.192623659238,3,4,0.25,7
8,28,1026816910,0.9,0.1,0.8,0.2,0.05,0.1,8,0.198791885,2,4,0.5,7
8,29,1083509134,0.9,0.1,0.8,0.2,0.05,0.1,8,0.18615061771400002,2,4,0.5,7
8,30,1251001413,0.9,0.1,0.8,0.2,0.05,0.1,8,0.206515795,3,6,0.5,7
8,31,1188626511,0.9,0.1,0.8,0.2,0.05,0.1,8,0.192623659238,2,4,0.5,7
8,32,1094029748,0.9,0.1,0.8,0.2,0.05,0.1,8,0.17053102561408337,2,3,0.3333333333333333,7
8,33,2137820579,0.9,0.1,0.8,0.2,0.05,0.1,8,0.17855975137608335,2,4,0.5,7
8,34,1734444720,0.9,0.1,0.8,0.2,0.05,0.1,8,0.21316849999999998,4,8,0.5,7
8,35,1702228508,0.9,0.1,0.8,0.2,0.05,0.1,8,0.197415864238,3,6,0.5,7
8,36,1503827930,0.9,0.1,0.8,0.2,0.05,0.1,8,0.200347569238,3,6,0.5,7
8,37,1336119720,0.9,0.1,0.8,0.2,0.05,0.1,8,0.18616625423462002,2,4,0.5,7
8,38,732347574,0.9,0.1,0.8,0.2,0.05,0.1,8,0.17855975137608335,2,4,0.5,7
8,39,2123775744,0.9,0.1,0.8,0.2,0.05,0.1,8,0.194179343476,3,5,0.4,7
8,40,1001222388,0.9,0.1,0.8,0.2,0.05,0.1,8,0.197415864238,3,6,0.5,7
8,41,462371908,0.9,0.1,0.8,0.2,0.05,0.1,8,0.197415864238,3,5,0.4,7
8,42,1814811279,0.9,0.1,0.8,0.2,0.05,0.1,8,0.20358409,3,6,0.5,7
8,43,344052722,0.9,0.1,0.8,0.2,0.05,0.1,8,0.18292973347262,2,4,0.5,7
8,44,1841358261,0.9,0.1,0.8,0.2,0.05,0.1,8,0.17053102561408337,2,3,0.3333333333333333,7
8,45,1315418782,0.9,0.1,0.8,0.2,0.05,0.1,8,0.189387138476,2,4,0.5,7
8,46,246345229,0.9,0.1,0.8,0.2,0.05,0.1,8,0.17053102561408337,2,3,0.3333333333333333,7
8,47,94364743,0.9,0.1,0.8,0.2,0.05,0.1,8,0.18616625423462002,2,4,0.5,7
8,48,955111941,0.9,0.1,0.8,0.2,0.05,0.1,8,0.17855975137608335,2,4,0.5,7
8,49,76622814,0.9,0.1,0.8,0.2,0.05,0.1,8,0.19281895923462,3,6,0.5,7
8,0,2029167940,0.9,0.1,0.9,0.2,0.05,0.1,8,0.204178085,2,4,0.5,7
8,1,1342382291,0.9,0.1,0.9,0.2,0.05,0.1,8,0.20672060019799998,3,6,0.5,7
8,2,1469265225,0.9,0.1,0.9,0.2,0.05,0.1,8,0.199814990198,2,4,0.5,7
8,3,1926751965,0.9,0.1,0.9,0.2,0.05,0.1,8,0.20212978,2,4,0.5,7
8,4,1241873584,0.9,0.1,0.9,0.2,0.05,0.1,8,0.203267795198,3,5,0.4,7
8,5,1665772334,0.9,0.1,0.9,0.2,0.05,0.1,8,0.199814990198,2,4,0.5,7
8,6,1790251936,0.9,0.1,0.9,0.2,0.05,0.1,8,0.18585973620823237,2,4,0.5,7
8,7,483628757,0.9,0.1,0.9,0.2,0.05,0.1,8,0.2117275,3,5,0.4,7
8,8,119253154,0.9,0.1,0.9,0.2,0.05,0.1,8,0.213132,3,6,0.5,7
8,9,644602188,0.9,0.1,0.9,0.2,0.05,0.1,8,0.212488195,3,6,0.5,7
8,10,612176793,0.9,0.1,0.9,0.2,0.05,0.1,8,0.203267795198,3,5,0.4,7
8,11,1875941738,0.9,0.1,0.9,0.2,0.05,0.1,8,0.212488195,3,7,0.5714285714285714,7
8,12,1959843383,0.9,0.1,0.9,0.2,0.05,0.1,8,0.20812510019799998,3,6,0.5,7
8,13,11307154,0.9,0.1,0.9,0.2,0.05,0.1,8,0.196589910594,2,4,0.5,7
8,14,1073283950,0.9,0.1,0.9,0.2,0.05,0.1,8,0.203267795198,3,5,0.4,7
8,15,1763574598,0.9,0.1,0.9,0.2,0.05,0.1,8,0.19275450170567998,2,4,0.5,7
8,16,282266798,0.9,0.1,0.9,0.2,0.05,0.1,8,0.21108369500000002,3,6,0.5,7
8,17,1711693563,0.9,0.1,0.9,0.2,0.05,0.1,8,0.18111403751791236,2,3,0.3333333333333333,7
8,18,255728784,0.9,0.1,0.9,0.2,0.05,0.1,8,0.2145365,3,7,0.5714285714285714,7
8,19,1004882659,0.9,0.1,0.9,0.2,0.05,0.1,8,0.18585973620823237,2,4,0.5,7
8,20,1753345571,0.9,0.1,0.9,0.2,0.05,0.1,8,0.20763089,3,5,0.4,7
8,21,650757180,0.9,0.1,0.9,0.2,0.05,0.1,8,0.203267795198,3,5,0.4,7
8,22,733587778,0.9,0.1,0.9,0.2,0.05,0.1,8,0.19506929150768,2,4,0.5,7
8,23,597914448,0.9,0.1,0.9,0.2,0.05,0.1,8,0.20672060019799998,3,6,0.5,7
8,24,1545052023,0.9,0.1,0.9,0.2,0.05,0.1,8,0.19992659650768,3,5,0.4,7
8,25,547328271,0.9,0.1,0.9,0.2,0.05,0.1,8,0.19070619670567998,2,4,0.5,7
8,26,2126996168,0.9,0.1,0.9,0.2,0.05,0.1,8,0.203267795198,2,5,0.6,7
8,27,955794088,0.9,0.1,0.9,0.2,0.05,0.1,8,0.199814990198,2,4,0.5,7
8,28,1026816910,0.9,0.1,0.9,0.2,0.05,0.1,8,0.204178085,2,4,0.5,7
8,29,1083509134,0.9,0.1,0.9,0.2,0.05,0.1,8,0.195185410594,2,4,0.5,7
8,30,1251001413,0.9,0.1,0.9,0.2,0.05,0.1,8,0.209679195,3,6,0.5,7
8,31,1188626511,0.9,0.1,0.9,0.2,0.05,0.1,8,0.199814990198,2,4,0.5,7
8,32,1094029748,0.9,0.1,0.9,0.2,0.05,0.1,8,0.18354494640623237,2,3,0.3333333333333333,7
8,33,2137820579,0.9,0.1,0.9,0.2,0.05,0.1,8,0.18931254120823238,2,4,0.5,7
8,34,1734444720,0.9,0.1,0.9,0.2,0.05,0.1,8,0.2145365,3,7,0.5714285714285714,7
8,35,1702228508,0.9,0.1,0.9,0.2,0.05,0.1,8,0.203267795198,3,6,0.5,7
8,36,1503827930,0.9,0.1,0.9,0.2,0.05,0.1,8,0.205316100198,3,5,0.4,7
8,37,1336119720,0.9,0.1,0.9,0.2,0.05,0.1,8,0.19506929150768,2,4,0.5,7
8,38,732347574,0.9,0.1,0.9,0.2,0.05,0.1,8,0.18931254120823238,2,4,0.5,7
8,39,2123775744,0.9,0.1,0.9,0.2,0.05,0.1,8,0.200953005396,3,5,0.4,7
8,40,1001222388,0.9,0.1,0.9,0.2,0.05,0.1,8,0.203267795198,2,5,0.6,7
8,41,462371908,0.9,0.1,0.9,0.2,0.05,0.1,8,0.203267795198,2,5,0.6,7
8,42,1814811279,0.9,0.1,0.9,0.2,0.05,0.1,8,0.20763089,3,5,0.4,7
8,43,344052722,0.9,0.1,0.9,0.2,0.05,0.1,8,0.19275450170567998,2,4,0.5,7
8,44,1841358261,0.9,0.1,0.9,0.2,0.05,0.1,8,0.18354494640623237,2,3,0.3333333333333333,7
8,45,1315418782,0.9,0.1,0.9,0.2,0.05,0.1,8,0.197500200396,2,4,0.5,7
8,46,246345229,0.9,0.1,0.9,0.2,0.05,0.1,8,0.18354494640623237,2,3,0.3333333333333333,7
8,47,94364743,0.9,0.1,0.9,0.2,0.05,0.1,8,0.19506929150768,2,4,0.5,7
8,48,955111941,0.9,0.1,0.9,0.2,0.05,0.1,8,0.18931254120823238,2,4,0.5,7
8,49,76622814,0.9,0.1,0.9,0.2,0.05,0.1,8,0.19992659650768,3,5,0.4,7
8,0,2029167940,0.9,0.1,1.0,0.2,0.05,0.1,8,0.20887812500000003,2,4,0.5,7
8,1,1342382291,0.9,0.1,1.0,0.2,0.05,0.1,8,0.21075317375000002,2,5,0.6,7
8,2,1469265225,0.9,0.1,1.0,0.2,0.05,0.1,8,0.20619692375,2,4,0.5,7
8,3,1926751965,0.9,0.1,1.0,0.2,0.05,0.1,8,0.20761250000000003,2,4,0.5,7
8,4,1241873584,0.9,0.1,1.0,0.2,0.05,0.1,8,0.20847504875,2,5,0.6,7
8,5,1665772334,0.9,0.1,1.0,0.2,0.05,0.1,8,0.20619692375,2,4,0.5,7
8,6,1790251936,0.9,0.1,1.0,0.2,0.05,0.1,8,0.19738639720737503,2,4,0.5,7
8,7,483628757,0.9,0.1,1.0,0.2,0.05,0.1,8,0.2136875,2,5,0.6,7
8,8,119253154,0.9,0.1,1.0,0.2,0.05,0.1,8,0.2147,2,5,0.6,7
8,9,644602188,0.9,0.1,1.0,0.2,0.05,0.1,8,0.214446875,2,5,0.6,7
8,10,612176793,0.9,0.1,1.0,0.2,0.05,0.1,8,0.20847504875,2,5,0.6,7
8,11,1875941738,0.9,0.1,1.0,0.2,0.05,0.1,8,0.214446875,2,6,0.6666666666666666,7
8,12,1959843383,0.9,0.1,1.0,0.2,0.05,0.1,8,0.21176567375,2,5,0.6,7
8,13,11307154,0.9,0.1,1.0,0.2,0.05,0.1,8,0.20437827125000002,2,4,0.5,7
8,14,1073283950,0.9,0.1,1.0,0.2,0.05,0.1,8,0.20847504875,2,5,0.6,7
8,15,1763574598,0.9,0.1,1.0,0.2,0.05,0.1,8,0.20181915218750002,2,4,0.5,7
8,16,282266798,0.9,0.1,1.0,0.2,0.05,0.1,8,0.213434375,2,5,0.6,7
8,17,1711693563,0.9,0.1,1.0,0.2,0.05,0.1,8,0.19442420189487503,2,4,0.5,7
8,18,255728784,0.9,0.1,1.0,0.2,0.05,0.1,8,0.2157125,2,5,0.6,7
8,19,1004882659,0.9,0.1,1.0,0.2,0.05,0.1,8,0.19738639720737503,2,4,0.5,7
8,20,1753345571,0.9,0.1,1.0,0.2,0.05,0.1,8,0.21115625000000002,2,4,0.5,7
8,21,650757180,0.9,0.1,1.0,0.2,0.05,0.1,8,0.20847504875,2,5,0.6,7
8,22,733587778,0.9,0.1,1.0,0.2,0.05,0.1,8,0.2032347284375,2,4,0.5,7
8,23,597914448,0.9,0.1,1.0,0.2,0.05,0.1,8,0.21075317375000002,2,5,0.6,7
8,24,1545052023,0.9,0.1,1.0,0.2,0.05,0.1,8,0.2065253534375,2,5,0.6,7
8,25,547328271,0.9,0.1,1.0,0.2,0.05,0.1,8,0.20055352718750002,2,4,0.5,7
8,26,2126996168,0.9,0.1,1.0,0.2,0.05,0.1,8,0.20847504875,2,4,0.5,7
8,27,955794088,0.9,0.1,1.0,0.2,0.05,0.1,8,0.20619692375,2,4,0.5,7
8,28,1026816910,0.9,0.1,1.0,0.2,0.05,0.1,8,0.20887812500000003,2,4,0.5,7
8,29,1083509134,0.9,0.1,1.0,0.2,0.05,0.1,8,0.20336577125000002,2,4,0.5,7
8,30,1251001413,0.9,0.1,1.0,0.2,0.05,0.1,8,0.212421875,2,5,0.6,7
8,31,1188626511,0.9,0.1,1.0,0.2,0.05,0.1,8,0.20619692375,2,4,0.5,7
8,32,1094029748,0.9,0.1,1.0,0.2,0.05,0.1,8,0.19597082095737503,2,3,0.3333333333333333,7
8,33,2137820579,0.9,0.1,1.0,0.2,0.05,0.1,8,0.19966452220737502,2,4,0.5,7
8,34,1734444720,0.9,0.1,1.0,0.2,0.05,0.1,8,0.2157125,2,5,0.6,7
8,35,1702228508,0.9,0.1,1.0,0.2,0.05,0.1,8,0.20847504875,2,5,0.6,7
8,36,1503827930,0.9,0.1,1.0,0.2,0.05,0.1,8,0.20974067375,2,5,0.6,7
8,37,1336119720,0.9,0.1,1.0,0.2,0.05,0.1,8,0.2032347284375,2,4,0.5,7
8,38,732347574,0.9,0.1,1.0,0.2,0.05,0.1,8,0.19966452220737502,2,4,0.5,7
8,39,2123775744,0.9,0.1,1.0,0.2,0.05,0.1,8,0.2070594725,2,5,0.6,7
8,40,1001222388,0.9,0.1,1.0,0.2,0.05,0.1,8,0.20847504875,2,4,0.5,7
8,41,462371908,0.9,0.1,1.0,0.2,0.05,0.1,8,0.20847504875,2,4,0.5,7
8,42,1814811279,0.9,0.1,1.0,0.2,0.05,0.1,8,0.21115625000000002,2,5,0.6,7
8,43,344052722,0.9,0.1,1.0,0.2,0.05,0.1,8,0.20181915218750002,2,4,0.5,7
8,44,1841358261,0.9,0.1,1.0,0.2,0.05,0.1,8,0.19597082095737503,2,3,0.3333333333333333,7
8,45,1315418782,0.9,0.1,1.0,0.2,0.05,0.1,8,0.20478134750000002,2,4,0.5,7
8,46,246345229,0.9,0.1,1.0,0.2,0.05,0.1,8,0.19597082095737503,2,3,0.3333333333333333,7
8,47,94364743,0.9,0.1,1.0,0.2,0.05,0.1,8,0.2032347284375,2,4,0.5,7
8,48,955111941,0.9,0.1,1.0,0.2,0.05,0.1,8,0.19966452220737502,2,4,0.5,7
8,49,76622814,0.9,0.1,1.0,0.2,0.05,0.1,8,0.2065253534375,2,5,0.6,7
